{
  "27_60": {
    "BHR": 8.16373180508274e-06, 
    "BHT": 1.0644639359618497e-05, 
    "BHZ": 4.986884493781355e-06
  }, 
  "60_120": {
    "BHR": 5.8139534883720933e-05, 
    "BHT": 4.750819516366573e-05, 
    "BHZ": 1.5992579443138384e-05
  }
}
