{
  "17_40": {
    "BHR": {
      "cc_shift": {
        "counts": 105491, 
        "mean": 0.09805386241480317
      }, 
      "dlnA": {
        "counts": 105491, 
        "mean": 0.23828975547344702
      }
    }, 
    "BHT": {
      "cc_shift": {
        "counts": 67494, 
        "mean": 0.1238332296204107
      }, 
      "dlnA": {
        "counts": 67494, 
        "mean": 0.26658934173244481
      }
    }, 
    "BHZ": {
      "cc_shift": {
        "counts": 219345, 
        "mean": -0.0082253983450728176
      }, 
      "dlnA": {
        "counts": 219345, 
        "mean": 0.25849112858240164
      }
    }
  }, 
  "40_100": {
    "BHR": {
      "cc_shift": {
        "counts": 55327, 
        "mean": 0.034171381061687767
      }, 
      "dlnA": {
        "counts": 55327, 
        "mean": 0.093010632957441164
      }
    }, 
    "BHT": {
      "cc_shift": {
        "counts": 50163, 
        "mean": -0.088056934393875949
      }, 
      "dlnA": {
        "counts": 50163, 
        "mean": 0.07503372516625606
      }
    }, 
    "BHZ": {
      "cc_shift": {
        "counts": 203904, 
        "mean": -0.68158741368487152
      }, 
      "dlnA": {
        "counts": 203904, 
        "mean": 0.058852570088682304
      }
    }
  }, 
  "90_150": {
    "BHR": {
      "cc_shift": {
        "counts": 20113, 
        "mean": 0.96177596579326807
      }, 
      "dlnA": {
        "counts": 20113, 
        "mean": -0.18564109965711326
      }
    }, 
    "BHT": {
      "cc_shift": {
        "counts": 15030, 
        "mean": 0.0051896207584830184
      }, 
      "dlnA": {
        "counts": 15030, 
        "mean": -0.11857210598747736
      }
    }, 
    "BHZ": {
      "cc_shift": {
        "counts": 79007, 
        "mean": -0.80684243168326852
      }, 
      "dlnA": {
        "counts": 79007, 
        "mean": -0.37755769255886423
      }
    }
  }, 
  "90_250": {
    "BHR": {
      "cc_shift": {
        "counts": 4085, 
        "mean": 0.52886168910648712
      }, 
      "dlnA": {
        "counts": 4085, 
        "mean": -0.2101168049942567
      }
    }, 
    "BHT": {
      "cc_shift": {
        "counts": 1982, 
        "mean": 0.50958627648839561
      }, 
      "dlnA": {
        "counts": 1982, 
        "mean": -0.27070031545619389
      }
    }, 
    "BHZ": {
      "cc_shift": {
        "counts": 9217, 
        "mean": 0.11873711619832916
      }, 
      "dlnA": {
        "counts": 9217, 
        "mean": -0.36273051740396267
      }
    }
  }
}